{
    "name": "root",
    "gauges": {
        "AgentPlayer.Policy.Entropy.mean": {
            "value": 0.10860283672809601,
            "min": 0.10860283672809601,
            "max": 2.4958999156951904,
            "count": 2
        },
        "AgentPlayer.Policy.Entropy.sum": {
            "value": 5423.62548828125,
            "min": 5423.62548828125,
            "max": 126492.2109375,
            "count": 2
        },
        "AgentPlayer.Environment.EpisodeLength.mean": {
            "value": 345.35,
            "min": 24.422445738485973,
            "max": 345.35,
            "count": 2
        },
        "AgentPlayer.Environment.EpisodeLength.sum": {
            "value": 48349.0,
            "min": 46134.0,
            "max": 48349.0,
            "count": 2
        },
        "AgentPlayer.Step.mean": {
            "value": 99968.0,
            "min": 49943.0,
            "max": 99968.0,
            "count": 2
        },
        "AgentPlayer.Step.sum": {
            "value": 99968.0,
            "min": 49943.0,
            "max": 99968.0,
            "count": 2
        },
        "AgentPlayer.Policy.ExtrinsicValueEstimate.mean": {
            "value": -1.7996420860290527,
            "min": -1.7996420860290527,
            "max": -1.3902578353881836,
            "count": 2
        },
        "AgentPlayer.Policy.ExtrinsicValueEstimate.sum": {
            "value": -1589.083984375,
            "min": -3190.6416015625,
            "max": -1589.083984375,
            "count": 2
        },
        "AgentPlayer.Policy.GailValueEstimate.mean": {
            "value": 3.3370893001556396,
            "min": 0.47351521253585815,
            "max": 3.3370893001556396,
            "count": 2
        },
        "AgentPlayer.Policy.GailValueEstimate.sum": {
            "value": 2946.64990234375,
            "min": 1086.7174072265625,
            "max": 2946.64990234375,
            "count": 2
        },
        "AgentPlayer.Environment.CumulativeReward.mean": {
            "value": -1.3714285714285714,
            "min": -4.232398094229751,
            "max": -1.3714285714285714,
            "count": 2
        },
        "AgentPlayer.Environment.CumulativeReward.sum": {
            "value": -192.0,
            "min": -7995.0,
            "max": -192.0,
            "count": 2
        },
        "AgentPlayer.Policy.ExtrinsicReward.mean": {
            "value": -1.3714285714285714,
            "min": -4.232398094229751,
            "max": -1.3714285714285714,
            "count": 2
        },
        "AgentPlayer.Policy.ExtrinsicReward.sum": {
            "value": -192.0,
            "min": -7995.0,
            "max": -192.0,
            "count": 2
        },
        "AgentPlayer.Policy.GailReward.mean": {
            "value": 20.637662933946455,
            "min": 1.7403459270184494,
            "max": 20.637662933946455,
            "count": 2
        },
        "AgentPlayer.Policy.GailReward.sum": {
            "value": 2889.2728107525036,
            "min": 2889.2728107525036,
            "max": 3287.513456137851,
            "count": 2
        },
        "AgentPlayer.Losses.PolicyLoss.mean": {
            "value": 0.02225460339958469,
            "min": 0.02225460339958469,
            "max": 0.023260678956285117,
            "count": 2
        },
        "AgentPlayer.Losses.PolicyLoss.sum": {
            "value": 0.11127301699792345,
            "min": 0.09304271582514047,
            "max": 0.11127301699792345,
            "count": 2
        },
        "AgentPlayer.Losses.ValueLoss.mean": {
            "value": 0.2627141298105319,
            "min": 0.2627141298105319,
            "max": 8.409788221120834,
            "count": 2
        },
        "AgentPlayer.Losses.ValueLoss.sum": {
            "value": 1.3135706490526595,
            "min": 1.3135706490526595,
            "max": 33.63915288448334,
            "count": 2
        },
        "AgentPlayer.Policy.LearningRate.mean": {
            "value": 0.00025685701438100006,
            "min": 0.00025685701438100006,
            "max": 0.00028461720512759994,
            "count": 2
        },
        "AgentPlayer.Policy.LearningRate.sum": {
            "value": 0.0012842850719050002,
            "min": 0.0011384688205103998,
            "max": 0.0012842850719050002,
            "count": 2
        },
        "AgentPlayer.Policy.Epsilon.mean": {
            "value": 0.18561900000000003,
            "min": 0.18561900000000003,
            "max": 0.1948724,
            "count": 2
        },
        "AgentPlayer.Policy.Epsilon.sum": {
            "value": 0.9280950000000002,
            "min": 0.7794896,
            "max": 0.9280950000000002,
            "count": 2
        },
        "AgentPlayer.Policy.Beta.mean": {
            "value": 0.0042823881,
            "min": 0.0042823881,
            "max": 0.004744132759999999,
            "count": 2
        },
        "AgentPlayer.Policy.Beta.sum": {
            "value": 0.0214119405,
            "min": 0.018976531039999998,
            "max": 0.0214119405,
            "count": 2
        },
        "AgentPlayer.Policy.GAILPolicyEstimate.mean": {
            "value": 0.401045351823171,
            "min": 0.401045351823171,
            "max": 0.4714755249520143,
            "count": 2
        },
        "AgentPlayer.Policy.GAILPolicyEstimate.sum": {
            "value": 2.005226759115855,
            "min": 1.8859020998080571,
            "max": 2.005226759115855,
            "count": 2
        },
        "AgentPlayer.Policy.GAILExpertEstimate.mean": {
            "value": 0.558427281777064,
            "min": 0.5179669305682182,
            "max": 0.558427281777064,
            "count": 2
        },
        "AgentPlayer.Policy.GAILExpertEstimate.sum": {
            "value": 2.79213640888532,
            "min": 2.0718677222728727,
            "max": 2.79213640888532,
            "count": 2
        },
        "AgentPlayer.Losses.GAILLoss.mean": {
            "value": 1.1899939839045206,
            "min": 1.1899939839045206,
            "max": 1.3817744841178257,
            "count": 2
        },
        "AgentPlayer.Losses.GAILLoss.sum": {
            "value": 5.949969919522603,
            "min": 5.527097936471303,
            "max": 5.949969919522603,
            "count": 2
        },
        "AgentPlayer.Policy.GAILGradMagLoss.mean": {
            "value": 0.2370198854804039,
            "min": 0.2370198854804039,
            "max": 4.573656757920981,
            "count": 2
        },
        "AgentPlayer.Policy.GAILGradMagLoss.sum": {
            "value": 1.1850994274020195,
            "min": 1.1850994274020195,
            "max": 18.294627031683923,
            "count": 2
        },
        "AgentPlayer.Losses.PretrainingLoss.mean": {
            "value": 0.00813507303721519,
            "min": 0.00813507303721519,
            "max": 0.434703088986377,
            "count": 2
        },
        "AgentPlayer.Losses.PretrainingLoss.sum": {
            "value": 0.04067536518607595,
            "min": 0.04067536518607595,
            "max": 1.738812355945508,
            "count": 2
        },
        "AgentPlayer.IsTraining.mean": {
            "value": 1.0,
            "min": 1.0,
            "max": 1.0,
            "count": 2
        },
        "AgentPlayer.IsTraining.sum": {
            "value": 1.0,
            "min": 1.0,
            "max": 1.0,
            "count": 2
        }
    },
    "metadata": {
        "timer_format_version": "0.1.0",
        "start_time_seconds": "1622900267",
        "python_version": "3.8.5 (default, Sep  3 2020, 21:29:08) [MSC v.1916 64 bit (AMD64)]",
        "command_line_arguments": "D:\\Kunal\\Other\\Linkedin\\GAIT_A2_template-master\\venv\\Scripts\\mlagents-learn config/ppo/roguelikenew.yaml --run-id=FoodTarget_imitation_8",
        "mlagents_version": "0.26.0",
        "mlagents_envs_version": "0.26.0",
        "communication_protocol_version": "1.5.0",
        "pytorch_version": "1.7.1+cu110",