{
    "name": "root",
    "gauges": {
        "AgentPlayer.Policy.Entropy.mean": {
            "value": 4.0905561447143555,
            "min": 4.0905561447143555,
            "max": 4.382072448730469,
            "count": 5
        },
        "AgentPlayer.Policy.Entropy.sum": {
            "value": 205018.671875,
            "min": 205018.671875,
            "max": 221207.015625,
            "count": 5
        },
        "AgentPlayer.Environment.EpisodeLength.mean": {
            "value": 100.58884297520662,
            "min": 16.449628844114528,
            "max": 100.58884297520662,
            "count": 5
        },
        "AgentPlayer.Environment.EpisodeLength.sum": {
            "value": 48685.0,
            "min": 46536.0,
            "max": 49131.0,
            "count": 5
        },
        "AgentPlayer.Step.mean": {
            "value": 249942.0,
            "min": 49941.0,
            "max": 249942.0,
            "count": 5
        },
        "AgentPlayer.Step.sum": {
            "value": 249942.0,
            "min": 49941.0,
            "max": 249942.0,
            "count": 5
        },
        "AgentPlayer.Policy.ExtrinsicValueEstimate.mean": {
            "value": 7.070014476776123,
            "min": -1.8295340538024902,
            "max": 7.070014476776123,
            "count": 5
        },
        "AgentPlayer.Policy.ExtrinsicValueEstimate.sum": {
            "value": 8081.0263671875,
            "min": -4854.841796875,
            "max": 8081.0263671875,
            "count": 5
        },
        "AgentPlayer.Environment.CumulativeReward.mean": {
            "value": 16.8099173553719,
            "min": -3.827147401908802,
            "max": 16.8099173553719,
            "count": 5
        },
        "AgentPlayer.Environment.CumulativeReward.sum": {
            "value": 8136.0,
            "min": -10827.0,
            "max": 8136.0,
            "count": 5
        },
        "AgentPlayer.Policy.ExtrinsicReward.mean": {
            "value": 16.8099173553719,
            "min": -3.827147401908802,
            "max": 16.8099173553719,
            "count": 5
        },
        "AgentPlayer.Policy.ExtrinsicReward.sum": {
            "value": 8136.0,
            "min": -10827.0,
            "max": 8136.0,
            "count": 5
        },
        "AgentPlayer.Losses.PolicyLoss.mean": {
            "value": 0.02337148701772094,
            "min": 0.022563139605335892,
            "max": 0.024730227628412343,
            "count": 5
        },
        "AgentPlayer.Losses.PolicyLoss.sum": {
            "value": 0.11685743508860469,
            "min": 0.09750970921789606,
            "max": 0.12365113814206172,
            "count": 5
        },
        "AgentPlayer.Losses.ValueLoss.mean": {
            "value": 28.79985445658366,
            "min": 27.3380989074707,
            "max": 31.669186846415197,
            "count": 5
        },
        "AgentPlayer.Losses.ValueLoss.sum": {
            "value": 143.9992722829183,
            "min": 123.95914014180501,
            "max": 158.345934232076,
            "count": 5
        },
        "AgentPlayer.Policy.LearningRate.mean": {
            "value": 0.00016429996523336003,
            "min": 0.00016429996523336003,
            "max": 0.00028460055513314993,
            "count": 5
        },
        "AgentPlayer.Policy.LearningRate.sum": {
            "value": 0.0008214998261668002,
            "min": 0.0008214998261668002,
            "max": 0.0012843852718715998,
            "count": 5
        },
        "AgentPlayer.Policy.Epsilon.mean": {
            "value": 0.15476664,
            "min": 0.15476664,
            "max": 0.19486684999999998,
            "count": 5
        },
        "AgentPlayer.Policy.Epsilon.sum": {
            "value": 0.7738332,
            "min": 0.7738332,
            "max": 0.9281284000000002,
            "count": 5
        },
        "AgentPlayer.Policy.Beta.mean": {
            "value": 0.002742855336000001,
            "min": 0.002742855336000001,
            "max": 0.004743855815,
            "count": 5
        },
        "AgentPlayer.Policy.Beta.sum": {
            "value": 0.013714276680000005,
            "min": 0.013714276680000005,
            "max": 0.02141360716,
            "count": 5
        },
        "AgentPlayer.IsTraining.mean": {
            "value": 1.0,
            "min": 1.0,
            "max": 1.0,
            "count": 5
        },
        "AgentPlayer.IsTraining.sum": {
            "value": 1.0,
            "min": 1.0,
            "max": 1.0,
            "count": 5
        }
    },
    "metadata": {
        "timer_format_version": "0.1.0",
        "start_time_seconds": "1622902108",
        "python_version": "3.8.5 (default, Sep  3 2020, 21:29:08) [MSC v.1916 64 bit (AMD64)]",
        "command_line_arguments": "D:\\Kunal\\Other\\Linkedin\\GAIT_A2_template-master\\venv\\Scripts\\mlagents-learn --run-id=FoodTarget_imitation_9 --force",
        "mlagents_version": "0.26.0",
        "mlagents_envs_version": "0.26.0",
        "communication_protocol_version": "1.5.0",
        "pytorch_version": "1.7.1+cu110",
        "numpy_version": "1.20.3",
        "end_time_seconds": "1622902852"
    },
    "total": 743.7199548,
    "count": 1,
    "self": 0.004749400000036985,
    "children": {
        "run_training.setup": {
            "total": 0.022210300000000016,
            "count": 1,
            "self": 0.022210300000000016
        },
        "TrainerController.start_learning": {
            "total": 743.6929951,
            "count": 1,
            "self": 0.3147372000046289,
            "children": {
                "TrainerController._reset_env": {
                    "total": 5.4553811,
                    "count": 1,
                    "self": 5.4553811
                },
                "TrainerController.advance": {
                    "total": 737.8019836999954,
                    "count": 15886,
                    "self": 0.287940799991361,
                    "children": {
                        "env_step": {
                            "total": 664.2891477000054,
                            "count": 15886,
                            "self": 613.1134721000036,
                            "children": {
                                "SubprocessEnvManager._take_step": {
                                    "total": 50.973930100000516,
                                    "count": 15886,
                                    "self": 0.772981499997698,
                                    "children": {
                                        "TorchPolicy.evaluate": {
                                            "total": 50.20094860000282,
                                            "count": 12934,
                                            "self": 10.549256499999792,
                                            "children": {
                                                "TorchPolicy.sample_actions": {
                                                    "total": 39.651692100003025,
                                                    "count": 12934,
                                                    "self": 39.651692100003025
                                                }
                                            }
                                        }
                                    }
                                },
                                "workers": {
                                    "total": 0.20174550000124647,
                                    "count": 15885,
                                    "self": 0.0,
                                    "children": {
                                        "worker_root": {
                                            "total": 720.3598514999974,
                                            "count": 15885,
                                            "is_parallel": true,
                                            "self": 146.31222229999878,